dimension,lexicon_a,lexicon_b,n_windows,spearman_rho,spearman_p,pearson_r,pearson_p
Valence,warriner,nrc,768,0.8261166644484871,5.328470205661868e-193,0.8180204937541301,3.64403044065816e-186
Arousal,warriner,nrc,768,0.6218607546105248,2.19237783292093e-83,0.6214598731117786,2.9944708086470416e-83
Dominance,warriner,nrc,768,0.12887785827273607,0.000342683840290817,0.1931927630719551,6.810137780132258e-08
