roi_id,start_window,end_window,duration,mean_range,mean_valence,mean_arousal,mean_dominance
1,149,156,8,0.17382350000000002,4.139166175000001,3.9863946374999997,4.0663444375
2,191,192,2,0.4359747999999999,4.1451253,3.8714235,4.3073983
3,267,272,6,0.4192094333333334,4.108271733333334,3.9507968333333334,4.370006266666667
4,666,669,4,0.421414925,4.02047205,4.15978425,4.441886975
