{
  "Valence": {
    "pearson_r": 0.7605115486551445,
    "spearman_rho": 0.7541360702370664,
    "rmse": 0.32214548939887,
    "mae": 0.24686651021742417,
    "bootstrap_r_mean": 0.7604353096204968,
    "bootstrap_ci_95": [
      0.7503414758265117,
      0.7709981762816716
    ],
    "permutation_p": 0.001996007984031936,
    "chosen_alpha": 100.0
  },
  "Arousal": {
    "pearson_r": 0.633994414057652,
    "spearman_rho": 0.6320626359110716,
    "rmse": 0.38991878530520097,
    "mae": 0.31136102196392984,
    "bootstrap_r_mean": 0.6334283378394214,
    "bootstrap_ci_95": [
      0.6203051695843151,
      0.6455250866754786
    ],
    "permutation_p": 0.001996007984031936,
    "chosen_alpha": 100.0
  },
  "Dominance": {
    "pearson_r": 0.6946688154183328,
    "spearman_rho": 0.7002471737063565,
    "rmse": 0.3170718987687674,
    "mae": 0.24356342245602397,
    "bootstrap_r_mean": 0.6949599685198978,
    "bootstrap_ci_95": [
      0.6838891596492089,
      0.7069482840458021
    ],
    "permutation_p": 0.001996007984031936,
    "chosen_alpha": 100.0
  }
}