{
  "Valence": {
    "pearson_r": 0.8117555139307817,
    "spearman_rho": 0.7998348160040565,
    "rmse": 0.7441643403766677,
    "mae": 0.5887219565162289,
    "bootstrap_r_mean": 0.8122249375220412,
    "bootstrap_ci_95": [
      0.7990600523054966,
      0.8236082516057555
    ],
    "permutation_p": 0.001996007984031936,
    "chosen_alpha": 100.0
  },
  "Arousal": {
    "pearson_r": 0.650838590251118,
    "spearman_rho": 0.6212395536680817,
    "rmse": 0.6881612018137363,
    "mae": 0.5461393395251523,
    "bootstrap_r_mean": 0.6509889434719264,
    "bootstrap_ci_95": [
      0.6291801987887321,
      0.6725416308730411
    ],
    "permutation_p": 0.001996007984031936,
    "chosen_alpha": 100.0
  },
  "Dominance": {
    "pearson_r": 0.7097835684070074,
    "spearman_rho": 0.6851464831906244,
    "rmse": 0.6590511108285947,
    "mae": 0.5264780398645377,
    "bootstrap_r_mean": 0.7094624247386749,
    "bootstrap_ci_95": [
      0.691058618531221,
      0.7284421231399844
    ],
    "permutation_p": 0.001996007984031936,
    "chosen_alpha": 100.0
  }
}